anio,tipo,area_m2
2021,Artificial,698976.3039098755
2021,Natural,31154463.634659316
