tipo,area_m2
Artificial,3440107.975347236
Natural,261764713.59571066
