alpha1_z,alpha2_z,alpha3_z,lambda_ridge
0.999569167051898,0.0005243253463352828,0.0003151627941671377,0.001
