alpha_1,alpha_2,alpha_3,metodo
8.37248541295474e-08,1.0000007569101497,-0.49167428442081607,scipy
