anio,IPM_real,IPM_pred
2012.0,23.9,24.124156044990087
2013.0,21.0,23.547661514750985
2014.0,20.6,22.9173580140899
2015.0,21.1,21.88407434000183
2016.0,21.3,20.9434986229231
2017.0,23.4,20.68225515723435
2018.0,21.1,20.55197185606889
2019.0,21.4,21.155297608562677
2020.0,34.0,30.43147360105587
2021.0,30.7,32.584452585394075
2022.0,28.1,28.210758549384337
2023.0,24.1,23.213774005537687
2024.0,19.6,20.053268100013696
