intercepto,beta_gini,beta_log_ipc,R2,RMSE,MAE
89.76008101818171,188.72074792600836,-11.534695757615651,0.8380046326518258,1.7026641653165335,1.2802660228647949
