{
  "parametros_ext": {
    "alpha_W": 0.0002305276118681315,
    "beta_W": 7.297447353258142,
    "gamma_W": -0.0049162145788803485,
    "delta_W": -0.17449284436831042,
    "lambda_U": -7.297577386430689,
    "lambda_E": 14.595024727759425,
    "alpha_F": 0.04463348280573303,
    "beta_F": 0.00023772082389545468,
    "r": -0.05964751402448666,
    "r_over_K": -8.950655680969676e-06,
    "K_est": 6664.038496230559,
    "gamma_F": 8.444198000601684
  }
}