{
  "parametros_optimizados": {
    "r": 0.35153810186484236,
    "gamma_F": -0.9751936313104788,
    "alpha_F": 0.23422658638176294,
    "beta_F": 0.009999990893800067,
    "alpha_W": -0.006538663022746666,
    "beta_W": -0.09150001137411523,
    "gamma_W": -0.9889682426259682,
    "delta_W": 0.9637393502043751
  },
  "error_ajuste": 2.504261347346621,
  "normalizacion": {
    "P": {
      "mu": 7518.307692307692,
      "sd": 295.8215118342568
    },
    "U": {
      "mu": 36898.93230769231,
      "sd": 1092.0242122150523
    },
    "E": {
      "mu": 0.16075116525707692,
      "sd": 0.005980660644737986
    },
    "W": {
      "mu": 99.33846153846153,
      "sd": 0.11414202717169372
    },
    "F": {
      "mu": 0.3065625769658963,
      "sd": 0.25953576571408643
    }
  }
}