{
  "parametros": {
    "a": -5.232307841840391,
    "bU": 4.06147701239577,
    "bE": -1.1163276417450865,
    "c": -1.3932769323594003,
    "d": -1.1675062486965753,
    "c0": 0.24134749355214666
  },
  "normalizacion": {
    "P": {
      "mu": 7518.307692307692,
      "sd": 295.8215118352568
    },
    "U": {
      "mu": 36898.93230769231,
      "sd": 1092.0242122160523
    },
    "E": {
      "mu": 0.16075116525707692,
      "sd": 0.005980661644737986
    },
    "W": {
      "mu": 99.33846153846153,
      "sd": 0.11414202817169372
    },
    "F": {
      "mu": 0.3065625769658963,
      "sd": 0.25953576671408646
    }
  },
  "mse": 0.0033388571439864944,
  "anio_inicio": 2012,
  "anio_fin": 2024
}