anio,tipo,area_m2
2004,Artificial,3440107.975347236
2004,Natural,261764713.59571066
2020,Artificial,3440107.975347236
2020,Natural,261764713.59571066
