{
  "parametros": {
    "r": 0.35153810186484236,
    "gamma_F": -0.9751936313104788,
    "alpha_F": 0.23422658638176294,
    "beta_F": 0.009999990893800067,
    "alpha_W": -0.006538663022746666,
    "beta_W": -0.09150001137411523,
    "gamma_W": -0.9889682426259682,
    "delta_W": 0.9637393502043751
  },
  "subsistemas": {
    "PW": {
      "punto_fijo": {
        "P*": 0.0,
        "W*": -0.0
      },
      "jacobiano": [
        [
          0.35153810186484236,
          0.0
        ],
        [
          -0.006538663022746666,
          -0.9889682426259682
        ]
      ],
      "eigenvalores": [
        {
          "re": -0.9889682426259682,
          "im": 0.0
        },
        {
          "re": 0.35153810186484236,
          "im": 0.0
        }
      ],
      "clasificacion": "Punto silla"
    },
    "PF": {
      "punto_fijo": {
        "P*": 0.0,
        "F*": 0.0
      },
      "jacobiano": [
        [
          0.35153810186484236,
          -0.9751936313104788
        ],
        [
          0.0,
          -0.23422658638176294
        ]
      ],
      "eigenvalores": [
        {
          "re": 0.35153810186484236,
          "im": 0.0
        },
        {
          "re": -0.23422658638176294,
          "im": 0.0
        }
      ],
      "clasificacion": "Punto silla"
    },
    "FW": {
      "punto_fijo": {
        "F*": -0.0,
        "W*": 0.0
      },
      "jacobiano": [
        [
          -0.23422658638176294,
          0.009999990893800067
        ],
        [
          -0.9637393502043751,
          -0.9889682426259682
        ]
      ],
      "eigenvalores": [
        {
          "re": -0.2472193729158455,
          "im": 0.0
        },
        {
          "re": -0.9759754560918857,
          "im": 0.0
        }
      ],
      "traza": -1.223194829007731,
      "determinante": 0.24128004023629215,
      "clasificacion": "Nodo estable"
    }
  }
}