anio,area_m2
19.0,26300.925502842358
20.0,29077369.993174117
