{
  "Poblacion": {
    "RMSE": 56.64475326567188,
    "MAE": 43.044623129050635,
    "R2": 0.9633343089794281
  },
  "Desigualdad": {
    "RMSE": 0.23620308353118386,
    "MAE": 0.19192536484644293,
    "R2": 0.17172091345439444
  },
  "Bienestar": {
    "RMSE": 0.09785305360039608,
    "MAE": 0.08094971968196774,
    "R2": 0.2650503239541079
  }
}