{
  "parametros_optimizados": {
    "r": 0.33446627700050835,
    "gamma_F": -0.9465221109370934,
    "alpha_F": 0.23166198643949568,
    "beta_F": 0.01,
    "alpha_W": -0.01,
    "beta_W": -0.0819280839072515,
    "gamma_W": -1.0,
    "delta_W": 1.0,
    "c0": -0.07105295617484728
  },
  "loss": 2.4937415082689682,
  "normalizacion": {
    "P": {
      "mu": 7518.307692307692,
      "sd": 295.8215118352568
    },
    "U": {
      "mu": 36898.93230769231,
      "sd": 1092.0242122160523
    },
    "E": {
      "mu": 0.16075116525707692,
      "sd": 0.005980661644737986
    },
    "F": {
      "mu": 0.3065625769658963,
      "sd": 0.25953576671408646
    },
    "W": {
      "mu": 99.33846153846153,
      "sd": 0.11414202817169372
    }
  },
  "years": [
    2012,
    2013,
    2014,
    2015,
    2016,
    2017,
    2018,
    2019,
    2020,
    2021,
    2022,
    2023,
    2024
  ]
}