{
  "parametros_optimizados": {
    "r": 0.5,
    "gamma_F": -1.6862185079574727,
    "alpha_F": 0.22489058733064263,
    "beta_F": 0.01,
    "alpha_W": -0.01,
    "beta_W": -0.0801543968525895,
    "gamma_W": -1.0,
    "delta_W": 1.0,
    "c0": -0.07836523851561615,
    "K": 1.5574069479871704
  },
  "loss": 2.4281735401576974,
  "normalizacion": {
    "P": {
      "mu": 7518.307692307692,
      "sd": 295.8215118352568
    },
    "U": {
      "mu": 36898.93230769231,
      "sd": 1092.0242122160523
    },
    "E": {
      "mu": 0.16075116525707692,
      "sd": 0.005980661644737986
    },
    "F": {
      "mu": 0.3065625769658963,
      "sd": 0.25953576671408646
    },
    "W": {
      "mu": 99.33846153846153,
      "sd": 0.11414202817169372
    }
  },
  "years": [
    2012,
    2013,
    2014,
    2015,
    2016,
    2017,
    2018,
    2019,
    2020,
    2021,
    2022,
    2023,
    2024
  ]
}