{
  "escenario": "Constante (U,E últimos valores observados)",
  "years": [
    2024,
    2025,
    2026,
    2027,
    2028,
    2029
  ],
  "Poblacion": [
    8002.0,
    7749.679367497775,
    7566.993298556287,
    7356.936970142241,
    6893.564243263632,
    1624.4228553258472
  ],
  "Desigualdad": [
    0.4756097560975616,
    0.44012182985380804,
    0.41145672461311644,
    0.38861386361762223,
    0.37052815537298806,
    0.35628188471324
  ],
  "Bienestar": [
    99.29,
    99.254968828972,
    99.25131824177572,
    99.25744102064064,
    99.266028277763,
    99.27845493596921
  ]
}